dH_sold_avg,SpCC_dH_Br,SpCC_dH_Gr,S_ratio,depth,res_length,n_streams,m_dot,max_speed,C_Br,C_Gr,C_SurfacePlant,C_Subsurface_brownfield,C_Subsurface_greenfield,con satisfied
19545.1612177671,15.8483181000697,16.5584041969767,0,6000,5000,10,154.911938406751,7.63276818766265,309757932.296319,323636679.538861,38675443.6807942,271082488.615525,284961235.858066,1
22896.5683513913,15.9867249400178,16.5928746053103,0,6000,6000,10,176.912058391653,8.88054346682554,366041140.30401,379919887.546551,43402338.3787552,322638801.925254,336517549.167796,1
26157.4714415575,16.3318605412031,16.8624449776059,0,6000,7000,10,197.11883069895,10.094355351112,427200175.69402,441078922.936562,48087619.307706,379112556.386314,392991303.628856,1
29325.3803854008,16.8184130709551,17.2916804952867,0,6000,8000,10,215.600700023385,11.276477783093,493206360.784556,507085108.027098,52702608.7858525,440503751.998704,454382499.241245,1
32389.9711792542,17.4150902924261,17.8435793196541,0,6000,9000,10,232.50716069537,12.4321781935948,564074272.655791,577953019.898332,57261883.8933673,506812388.762423,520691136.004965,1
35376.5609472003,18.0860083391678,18.4783231055255,0,6000,10000,10,247.992468219482,13.566746690462,639820776.302142,653699523.544684,61782309.6246692,578038466.677473,591917213.920014,1
