dH_sold_avg,SpCC_dH_Br,SpCC_dH_Gr,S_ratio,depth,res_length,n_streams,m_dot,max_speed,C_Br,C_Gr,C_SurfacePlant,C_Subsurface_brownfield,C_Subsurface_greenfield,con satisfied
3801.750527127,66.5016808726202,70.152301065479,0.8,6000,5000,8,55.0679610320222,3.51566830871164,252822800.312315,266701547.554857,23701526.5009539,229121273.811361,243000021.053903,1
4675.60381799094,63.5205616026352,66.4888942036863,0.8,6000,6000,8,68.3056380580052,4.37328400007215,296996980.35021,310875727.592751,26630655.8910647,270366324.459145,284245071.701687,1
5539.90562820355,62.2761259025984,64.781357611219,0.8,6000,7000,8,81.3165923818197,5.22174869695575,345003860.390517,358882607.633059,29458532.3625243,315545328.027993,329424075.270535,1
6393.9835572765,62.0772990562556,64.2478938221347,0.8,6000,8000,8,94.6008031002903,6.10017564728181,396921229.445834,410799976.688376,32262944.9279296,364658284.517905,378537031.760446,1
7231.82989258458,62.6067561558636,64.525875859823,0.8,6000,9000,8,107.64215867756,6.97858900372188,452761410.645728,466640157.88827,35056216.7168482,417705193.92888,431583941.171422,1
8083.11074829555,63.4072782121569,65.1242839138873,0.8,6000,10000,8,121.907802900887,7.94745222337397,512528052.036851,526406799.279393,37841995.7759312,474686056.26092,488564803.503461,1
